"ref"	"id"	"name"	"website"	"waymarkedtrails"	"source"	"note"
"1-1-2"	"12150508"	"Водоторањ - Тресетиште - Палић центар"	"https://pss.rs/terenipp/vodotoranj-tresetiste-palic-centar/"	"https://hiking.waymarkedtrails.org/#route?id=12150508"	"pss_staze"	"staza nije mapirana u potpunosti, prelazak pruge"
"1-13-2"	"11314365"	"Чортановачка магија"	"https://pss.rs/terenipp/cortanovacka-magija/"	"https://hiking.waymarkedtrails.org/#route?id=11314365"	"pss_staze"	""
"1-14-1"	"14288192"	"Обалом Јегричке"	"https://pss.rs/terenipp/obalom-jegricke/"	"https://hiking.waymarkedtrails.org/#route?id=14288192"	"pss_staze"	""
"1-15-1"	"11334200"	"Бојчинска шума"	"https://pss.rs/terenipp/bojcinska-suma/"	"https://hiking.waymarkedtrails.org/#route?id=11334200"	"pss_staze"	""
"1-2-1"	"13906712"	"Мала стаза 15 км"	"https://pss.rs/terenipp/mala-staza/"	"https://hiking.waymarkedtrails.org/#route?id=13906712"	"pss_staze"	""
"1-2-2"	"13913437"	"Средња стаза 20 км"	"https://pss.rs/terenipp/srednja-staza-20-km/"	"https://hiking.waymarkedtrails.org/#route?id=13913437"	"pss_staze"	""
"1-2-3"	"13916548"	"Велика стаза 30 км"	"https://pss.rs/terenipp/velika-staza-30-km/"	"https://hiking.waymarkedtrails.org/#route?id=13916548"	"pss_staze"	""
"1-3-1"	"11317382"	"Буковачки маратон – Основна стаза"	"https://pss.rs/terenipp/bukovacki-maraton-osnovna-staza/"	"https://hiking.waymarkedtrails.org/#route?id=11317382"	"pss_staze"	""
<<<<<<< Updated upstream
=======
"1-3-2"	"11321138"	"Буковачки маратон – Средња стаза"	"https://pss.rs/terenipp/bukovacki-maraton-srednja-staza/"	"https://hiking.waymarkedtrails.org/#route?id=11321138"	""	""
"1-3-3"	"11314960"	"Буковачки маратон – Велика стаза"	"https://pss.rs/terenipp/bukovacki-maraton-velika-staza/"	"https://hiking.waymarkedtrails.org/#route?id=11314960"	"pss_staze"	""
>>>>>>> Stashed changes
"1-4-1"	"14906749"	"Успон на Гудурички врх"	"https://pss.rs/terenipp/uspon-na-guduricki-vrh/"	"https://hiking.waymarkedtrails.org/#route?id=14906749"	"pss_staze"	""
"1-4-2"	"14911970"	"Манастир Средиште - Гудурички врх"	"https://pss.rs/terenipp/manastir-srediste-guduricki-vrh/"	"https://hiking.waymarkedtrails.org/#route?id=14911970"	"pss_staze"	""
"1-4-3"	"14912124"	"Манастир Месић"	"https://pss.rs/terenipp/manastir-mesic/"	"https://hiking.waymarkedtrails.org/#route?id=14912124"	"pss_staze"	""
"1-4-4"	"14916943"	"Каменарице преко Лисичије главе"	"https://pss.rs/terenipp/kamenarice-preko-lisic-glave/"	"https://hiking.waymarkedtrails.org/#route?id=14916943"	"pss_staze"	""
"1-4-5"	"14921298"	"Гудурички врх преко Лисичије главе"	"https://pss.rs/terenipp/guduricki-vrh-preko-lisicije-glave/"	"https://hiking.waymarkedtrails.org/#route?id=14921298"	"pss_staze"	""
"2-13-1"	"11076236"	"Лесковац - Котлењача - Гружанско језеро - Кнић"	"https://pss.rs/terenipp/leskovac-kotlenjaca-gruzansko-jezero-knic/"	"https://hiking.waymarkedtrails.org/#route?id=11076236"	"pss_staze"	""
"2-14-19"	"11073423"	"Ман. Ралетинац - Кременац - ман. Манастирак - Богалинац - Жупањевац - Говор вода - ман. Каленић (”Манастирска тура”)"	"https://pss.rs/terenipp/man-raletinac-kremenac-man-manastirak-bogalinac-zupanjevac-govor-voda-man-kalenic-manastirska-tura/"	"https://hiking.waymarkedtrails.org/#route?id=11073423"	"pss_staze"	""
"2-14-20"	"12433998"	"Планинарски дом Аџине Ливаде - Манастир Каменац"	"https://pss.rs/terenipp/planinarski-dom-adzine-livade-manastir-kamenac/"	"https://hiking.waymarkedtrails.org/#route?id=12433998"	"pss_staze"	""
"2-14-21"	"12434519"	"Бајчетина - Гледићки Црни врх - Бајчетина"	"https://pss.rs/terenipp/bajcetina-gledicki-crni-vrh-bajcetina/"	"https://hiking.waymarkedtrails.org/#route?id=12434519"	"pss_staze"	""
"2-15-1"	"11066834"	"Крагујевачка планинарска стаза Жежељ-Бешњаја"	"https://pss.rs/terenipp/kragujevacka-planinarska-staza-zezelj-besnjaja/"	"https://hiking.waymarkedtrails.org/#route?id=11066834"	"pss_staze"	""
"2-15-2"	"11069677"	"Букоровац - кањон Вољевице - Бешњаја ( село ) - Букоровац"	"https://pss.rs/terenipp/bukorovac-kanjon-voljevice-besnjaja-selo-bukovorac/"	"https://hiking.waymarkedtrails.org/#route?id=11069677"	"pss_staze"	""
"2-16-1"	"15002235"	"Едукативна стаза"	"https://pss.rs/terenipp/pesacka-staza-jagodina-djurdjevo-brdo/"	"https://hiking.waymarkedtrails.org/#route?id=15002235"	"pss_staze"	""
"2-16-2"	"13185966"	"Рекреативна стаза „Рибаре - Кочин храст”"	"https://pss.rs/terenipp/rekreativna-staza-ribare-kocin-hrast/"	"https://hiking.waymarkedtrails.org/#route?id=13185966"	"pss_staze"	""
"2-16-3"	"16857128"	"Јухорски извори"	"https://pss.rs/terenipp/juhorski-izvori/"	"https://hiking.waymarkedtrails.org/#route?id=16857128"	"pss_staze"	""
"2-3-1"	"12086876"	"Ритопек - Винча"	"https://pss.rs/terenipp/ritopek-vinca/"	"https://hiking.waymarkedtrails.org/#route?id=12086876"	"pss_staze"	""
"2-3-2"	"12091435"	"Авала, стаза 1"	"https://pss.rs/terenipp/avala-staza-1/"	"https://hiking.waymarkedtrails.org/#route?id=12091435"	"pss_staze"	""
"2-3-3"	"12094994"	"Авала, стаза 2"	"https://pss.rs/terenipp/avala-staza-2/"	"https://hiking.waymarkedtrails.org/#route?id=12094994"	"pss_staze"	""
"2-3-4"	"12098640"	"Авала, стаза 3"	"https://pss.rs/terenipp/avala-staza-3/"	"https://hiking.waymarkedtrails.org/#route?id=12098640"	"pss_staze"	""
"2-3-5"	"12102740"	"Авала, стаза 4"	"https://pss.rs/terenipp/avala-staza-4/"	"https://hiking.waymarkedtrails.org/#route?id=12102740"	"pss_staze"	""
"2-3-6"	"12107165"	"Авала, стаза 5"	"https://pss.rs/terenipp/avala-staza-5/"	"https://hiking.waymarkedtrails.org/#route?id=12107165"	"pss_staze"	""
"2-3-7"	"12111398"	"Авала, стаза 6"	"https://pss.rs/terenipp/avala-staza-6/"	"https://hiking.waymarkedtrails.org/#route?id=12111398"	"pss_staze"	""
"2-3-8"	"12111419"	"Авала, стаза 7"	"https://pss.rs/terenipp/avala-staza-7/"	"https://hiking.waymarkedtrails.org/#route?id=12111419"	"pss_staze"	""
"2-5-6"	"11043543"	"Аранђеловац – Букуља – Гарашко језеро – Букуља – Аранђеловац"	"https://pss.rs/terenipp/arandjelovac-bukulja-garasko-jezero-bukulja-arandjelovac/"	"https://hiking.waymarkedtrails.org/#route?id=11043543"	"pss_staze"	""
"2-8-1"	"14989345"	"Манастирска стаза"	"https://pss.rs/terenipp/manastirska-staza/"	"https://hiking.waymarkedtrails.org/#route?id=14989345"	"pss_staze"	""
"2-8-3"	"13938905"	"Стаза здравља манастир Драча"	"https://pss.rs/terenipp/staza-zdravlja-manastir-draca/"	"https://hiking.waymarkedtrails.org/#route?id=13938905"	"pss_staze"	""
"3-13-1"	"14274559"	"Дебело Брдо - Јабланик - Бебића Лука"	"https://pss.rs/terenipp/debelo-brdo-jablanik-bebica-luka/"	"https://hiking.waymarkedtrails.org/#route?id=14274559"	"pss_staze"	""
"3-13-2"	"14274591"	"Планинарски дом „Дебело брдо” - Поћута"	"https://pss.rs/terenipp/planinarski-dom-debelo-brdo-pocuta/"	"https://hiking.waymarkedtrails.org/#route?id=14274591"	"pss_staze"	""
"3-14-1"	"12452310"	"3 врха Повлена"	"https://pss.rs/terenipp/3-vrha-povlena/"	"https://hiking.waymarkedtrails.org/#route?id=12452310"	"pss_staze"	""
"3-14-2"	"12452381"	"4 извора Повлена"	"https://pss.rs/terenipp/4-izvora-povlena/"	"https://hiking.waymarkedtrails.org/#route?id=12452381"	"pss_staze"	""
"3-14-3"	"12456657"	"Мрка стена - Беден"	"https://pss.rs/terenipp/mrka-stena-beden/"	"https://hiking.waymarkedtrails.org/#route?id=12456657"	"pss_staze"	""
"3-14-4"	"12456767"	"Пл. кућа ”Повленски кућерак” - с. Пашна раван - Јабланик"	"https://pss.rs/terenipp/pl-kuca-povlenski-kucerak-s-pasna-ravan-zaseok-prokici-jablanik-debelo-brdo-pl-kuca-povlenski-kucerak/"	"https://hiking.waymarkedtrails.org/#route?id=12456767"	"pss_staze"	""
"3-14-5"	"10886455"	"Таорска врела - с. Радановци - Таорска врела"	"https://pss.rs/terenipp/taorska-vrela-s-radanovci-spomenik-zikici-jovanovicu-spancu-taorska-vrela/"	"https://hiking.waymarkedtrails.org/#route?id=10886455"	"pss_staze"	""
"3-14-6"	"12464587"	"Жел. ст. Самари - планинарска кућа ”Повленски кућерак”"	"https://pss.rs/terenipp/zel-st-samari-s-mravinjci-planinarska-kuca-povlenski-kucerak/"	"https://hiking.waymarkedtrails.org/#route?id=12464587"	"pss_staze"	""
"3-14-7"	"12481140"	"Жел. ст. Самари - Мравињци"	"https://pss.rs/terenipp/zel-st-samari-s-mravinjci-vrh-maglesa-zel-st-samari/"	"https://hiking.waymarkedtrails.org/#route?id=12481140"	"pss_staze"	""
"3-14-8"	"14041560"	"Беле воде - Таорска врела"	"https://pss.rs/terenipp/bele-vode-taorska-vrela/"	"https://hiking.waymarkedtrails.org/#route?id=14041560"	"pss_staze"	""
"3-18-1"	"14274639"	"Село Радановици - „Обрадовићи”"	"https://pss.rs/terenipp/selo-radanovci-obradovic/"	"https://hiking.waymarkedtrails.org/#route?id=14274639"	"pss_staze"	""
"3-20-1"	"12525280"	"Славковица - Сувобор (врх)"	"https://pss.rs/terenipp/slavkovica-suvobor-vrh/"	"https://hiking.waymarkedtrails.org/#route?id=12525280"	"pss_staze"	""
"3-20-11"	"12726586"	"Таково - Рајац (Пл. дом)"	"https://pss.rs/terenipp/takovo-rajac-pl-dom/"	"https://hiking.waymarkedtrails.org/#route?id=12726586"	"pss_staze"	""
"3-20-12"	"12721684"	"Коштунићи - Данилов врх"	"https://pss.rs/terenipp/kostunici-danilov-vrh/"	"https://hiking.waymarkedtrails.org/#route?id=12721684"	"pss_staze"	""
"3-20-3"	"12726079"	"Славковица - Чика Душков дом на Рајцу"	"https://pss.rs/terenipp/slavkovica-cika-duskov-dom-na-rajcu/"	"https://hiking.waymarkedtrails.org/#route?id=12726079"	"pss_staze"	""
"3-20-5"	"14124085"	"Дићи - Пл. дом на Рајцу"	"https://pss.rs/terenipp/dici-pl-dom-na-rajcu/"	"https://hiking.waymarkedtrails.org/#route?id=14124085"	"pss_staze"	""
"3-20-7"	"12525333"	"Сувобор (врх) - Маљен, Дивчибаре (Пл. дом „Маглеш”)"	"https://pss.rs/terenipp/suvobor-vrh-maljen-divcibare-pl-dom-magles/"	"https://hiking.waymarkedtrails.org/#route?id=12525333"	"pss_staze"	""
"3-20-8"	"12721371"	"Љиг (центар) - Рајац (Чика Душков пл. дом)"	"https://pss.rs/terenipp/ljig-centar-rajac-cika-duskov-pl-dom/"	"https://hiking.waymarkedtrails.org/#route?id=12721371"	"pss_staze"	""
"3-20-9"	"12721535"	"Бања Врујци - Пл. дом на Рајцу"	"https://pss.rs/terenipp/banja-vrujci-pl-dom-na-rajcu/"	"https://hiking.waymarkedtrails.org/#route?id=12721535"	"pss_staze"	""
"3-22-1"	"11046762"	"Меморијал „Миле Обрадовић”"	"https://pss.rs/terenipp/memorijal-mile-obradovic/"	"https://hiking.waymarkedtrails.org/#route?id=11046762"	"pss_staze"	""
"3-22-2"	"14280882"	"Планинарски дом „На Пољанама” - Паљба"	"https://pss.rs/terenipp/planinarski-dom-na-poljanama-paljba/"	"https://hiking.waymarkedtrails.org/#route?id=14280882"	"pss_staze"	""
"3-22-3"	"14280939"	"Дивчибаре центар - Велика Плећа"	"https://pss.rs/terenipp/divcibare-centar-velika-pleca/"	"https://hiking.waymarkedtrails.org/#route?id=14280939"	"pss_staze"	""
"3-22-4"	"14280954"	"Дивчибаре центар - Голубац"	"https://pss.rs/terenipp/divcibare-centar-golubac/"	"https://hiking.waymarkedtrails.org/#route?id=14280954"	"pss_staze"	""
"3-22-5"	"14281022"	"Дивчибаре центар - Планинарски дом „На Пољанама”"	"https://pss.rs/terenipp/divcibare-centar-planinarski-dom-na-poljanama/"	"https://hiking.waymarkedtrails.org/#route?id=14281022"	"pss_staze"	""
"3-28-1"	"11189634"	"Девојачка стена"	"https://pss.rs/terenipp/devojacka-stena/"	"https://hiking.waymarkedtrails.org/#route?id=11189634"	"pss_staze"	""
"3-28-2"	"11189523"	"Свети Сава"	"https://pss.rs/terenipp/sveti-sava/"	"https://hiking.waymarkedtrails.org/#route?id=11189523"	"pss_staze"	""
"3-28-3"	"11189476"	"Каблар"	"https://pss.rs/terenipp/kablar/"	"https://hiking.waymarkedtrails.org/#route?id=11189476"	"pss_staze"	""
<<<<<<< Updated upstream
"3-28-4"	"11189458"	"Грабова коса"	"https://pss.rs/terenipp/grabova-kosa/"	"https://hiking.waymarkedtrails.org/#route?id=11189458"	"pss_staze"	""
=======
>>>>>>> Stashed changes
"3-28-5"	"11189613"	"Кота 889"	"https://pss.rs/terenipp/kota-889/"	"https://hiking.waymarkedtrails.org/#route?id=11189613"	"pss_staze"	""
"3-3-1"	"11129769"	"Три чесме - Ковиљачка коса - Црни врх (Гучево)"	"https://pss.rs/terenipp/tri-cesme-koviljacka-kosa-crni-vrh-gucevo/"	"https://hiking.waymarkedtrails.org/#route?id=11129769"	"pss_staze"	"staza nije mapirana u potpunosti"
"3-3-2"	"15005069"	"Три чесме - Грабовци - Кам - Црни врх (Гучево)"	"https://pss.rs/terenipp/tri-cesme-grabovci-kam-crni-vrh-gucevo/"	"https://hiking.waymarkedtrails.org/#route?id=15005069"	"pss_staze"	"(internal) malo poklapanja sa unešenim putevima, snimci i tragovi ne pomazu"
"3-3-3"	"11128849"	"Етно насеље Сунчана река - Кам - Црхи врх (Гучево)"	"https://pss.rs/terenipp/etno-naselje-suncana-reka-kam-crni-vrh-gucevo/"	"https://hiking.waymarkedtrails.org/#route?id=11128849"	"pss_staze"	"staza nije mapirana u potpunosti"
"3-32-1"	"12918979"	"Субјел - Дивчибаре"	"https://pss.rs/terenipp/subjel-divcibare/"	"https://hiking.waymarkedtrails.org/#route?id=12918979"	"pss_staze"	""
"3-34-1"	"14041583"	"Клисура реке Градац"	"https://pss.rs/terenipp/klisura-reke-gradac/"	"https://hiking.waymarkedtrails.org/#route?id=14041583"	"pss_staze"	""
"3-7-1"	"11059141"	"Три манастира, Прва етапа: Љубовија - Соко Град"	"https://pss.rs/terenipp/tri-manastira-prva-etapa-ljubovija-soko-grad/"	"https://hiking.waymarkedtrails.org/#route?id=11059141"	"pss_staze"	""
"3-8-1"	"11046907"	"Бобија (рудник - врх - Добра вода - Разбојиште)"	"https://pss.rs/terenipp/bobija-rudnik-vrh-dobra-voda-razbojiste/"	"https://hiking.waymarkedtrails.org/#route?id=11046907"	"pss_staze"	""
"3-8-2"	"11049687"	"Три манастира, Друга етапа: Љубовија - Беле воде - Торничка Бобија"	"https://pss.rs/terenipp/tri-manastira-druga-etapa-ljubovija-bele-vode-tornicka-bobija/"	"https://hiking.waymarkedtrails.org/#route?id=11049687"	"pss_staze"	""
"3-8-3"	"11046859"	"Ђачка стаза, Кањон Трешњице - Горње Кошље"	"https://pss.rs/terenipp/djacka-staza-kanjon-tresnjice-gornje-koslje/"	"https://hiking.waymarkedtrails.org/#route?id=11046859"	"pss_staze"	""
"4-23-1"	"16782461"	"Cerovi - Golema Porica"	"https://pss.rs/terenipp/cerovi-golema-porica/"	"https://hiking.waymarkedtrails.org/#route?id=16782461"	"pss_staze"	""
"4-26-1"	"11095303"	"ПД Грза - Велики Козји Рог - Вис - Црни врх - Јаворак - ПД Грза"	"https://pss.rs/terenipp/pd-grza-veliki-kozji-rog-vis-crni-vrh-javorak-pd-grza/"	"https://hiking.waymarkedtrails.org/#route?id=11095303"	"pss_staze"	""
"4-27-1"	"11102761"	"Врмџа (кружна стаза)"	"https://pss.rs/terenipp/vrmdza-kruzna-staza/"	"https://hiking.waymarkedtrails.org/#route?id=11102761"	"pss_staze"	"staza nije mapirana u potpunosti"
"4-27-2"	"11097820"	"Томићева колиба - Шиљак"	"https://pss.rs/terenipp/tomiceva-koliba-siljak/"	"https://hiking.waymarkedtrails.org/#route?id=11097820"	"pss_staze"	"deluje da postoji greška u podacima o visinskoj razlici"
"4-27-3"	"11097850"	"Мужинац - Томићева колиба (подножје Ртња)"	"https://pss.rs/terenipp/muzinac-tomiceva-koliba-podnozje-rtnja/"	"https://hiking.waymarkedtrails.org/#route?id=11097850"	"pss_staze"	""
"4-27-4"	"11097832"	"Томићева колиба - јама Леденица"	"https://pss.rs/terenipp/tomiceva-koliba-jama-ledenica/"	"https://hiking.waymarkedtrails.org/#route?id=11097832"	"pss_staze"	""
"4-27-5"	"11098424"	"Гола планина"	"https://pss.rs/terenipp/sarbanovac-gola-planina/"	"https://hiking.waymarkedtrails.org/#route?id=11098424"	"pss_staze"	"staza nije mapirana u potpunosti"
"4-27-6"	"11098411"	"Шарбановац - В. Порица - Баба"	"https://pss.rs/terenipp/sarbanovac-v-porica-baba/"	"https://hiking.waymarkedtrails.org/#route?id=11098411"	"pss_staze"	""
"4-27-7"	"11097107"	"Ртањ"	"https://pss.rs/terenipp/rtanj/"	"https://hiking.waymarkedtrails.org/#route?id=11097107"	"pss_staze"	""
"4-27-8"	"12899375"	"Сесалац - Тумба - Сесалачка пећина"	"https://pss.rs/terenipp/sesalac-tumba-sesalacka-pecina/"	"https://hiking.waymarkedtrails.org/#route?id=12899375"	"pss_staze"	""
"4-27-9"	"13922554"	"Гребеном Ртња"	"https://pss.rs/terenipp/grebenom-rtnja/"	"https://hiking.waymarkedtrails.org/#route?id=13922554"	"pss_staze"	""
"4-29-1"	"11105001"	"Врбовац - Ђурков врх"	"https://pss.rs/terenipp/vrbovac-djurkov-vrh/"	"https://hiking.waymarkedtrails.org/#route?id=11105001"	"pss_staze"	""
"4-30-1"	"14281136"	"Трубаревац - Бованско језеро"	"https://pss.rs/terenipp/trubarevac-bovansko-jezero/"	"https://hiking.waymarkedtrails.org/#route?id=14281136"	"pss_staze"	""
"4-31-1"	"11072572"	"Оштра чука - село Језеро"	"https://pss.rs/terenipp/ostra-cuka-selo-jezero/"	"https://hiking.waymarkedtrails.org/#route?id=11072572"	"pss_staze"	""
"4-31-11"	"11313552"	"Маљица"	"https://pss.rs/terenipp/maljica/"	"https://hiking.waymarkedtrails.org/#route?id=11313552"	"pss_staze"	""
"4-31-12"	"11232313"	"Око Оштре чуке"	"https://pss.rs/terenipp/oko-ostre-cuke/"	"https://hiking.waymarkedtrails.org/#route?id=11232313"	"pss_staze"	""
"4-31-13"	"12902283"	"Лептерија - Сокоград - Големи камен"	"https://pss.rs/terenipp/lepterija-sokograd-golemi-kamen/"	"https://hiking.waymarkedtrails.org/#route?id=12902283"	"pss_staze"	""
"4-31-14"	"12902454"	"Излетишта и видиковци Сокобање"	"https://pss.rs/terenipp/izletista-i-vidikovci-sokobanje/"	"https://hiking.waymarkedtrails.org/#route?id=12902454"	"pss_staze"	""
"4-31-15"	"13933124"	"4 врха Девице"	"https://pss.rs/terenipp/4-vrha-device/"	"https://hiking.waymarkedtrails.org/#route?id=13933124"	"pss_staze"	""
"4-31-16"	"14405400"	"Плато Девице до извора Моравице"	"https://pss.rs/terenipp/plato-device-do-izvora-moravice/"	"https://hiking.waymarkedtrails.org/#route?id=14405400"	"pss_staze"	""
"4-31-2"	"11232073"	"Сокобања - Калиновица - Оштра Чука"	"https://pss.rs/terenipp/sokobanja-kalinovica-ostra-cuka/"	"https://hiking.waymarkedtrails.org/#route?id=11232073"	"pss_staze"	""
"4-31-4"	"11313503"	"Ново Село - Крст - Раденковац"	"https://pss.rs/terenipp/novo-selo-krst-radenkovac/"	"https://hiking.waymarkedtrails.org/#route?id=11313503"	"pss_staze"	""
"4-31-5"	"11232158"	"Сокобања - Кулин врх - Оштра Чука"	"https://pss.rs/terenipp/sokobanja-kulin-vrh-ostra-cuka/"	"https://hiking.waymarkedtrails.org/#route?id=11232158"	"pss_staze"	""
"4-31-6"	"11185515"	"Кањон Ждрело на Девици (Левовик)"	"https://pss.rs/terenipp/kanjon-zdrelo-na-devici-levovik/"	"https://hiking.waymarkedtrails.org/#route?id=11185515"	"pss_staze"	""
"4-31-7"	"11189246"	"Велика и Мала Пропаст на Девици"	"https://pss.rs/terenipp/velika-i-mala-propast-na-devici/"	"https://hiking.waymarkedtrails.org/#route?id=11189246"	"pss_staze"	""
"4-31-8"	"11192825"	"Три бунара на Девици - Извор Моравице"	"https://pss.rs/terenipp/tri-bunara-na-devici-izvor-moravice/"	"https://hiking.waymarkedtrails.org/#route?id=11192825"	"pss_staze"	""
"4-31-9"	"15015633"	"Клисура Изгарске реке - „Дикулићева стаза”"	"https://pss.rs/terenipp/klisura-izgarske-reke-dikuliceva-staza/"	"https://hiking.waymarkedtrails.org/#route?id=15015633"	"pss_staze"	"staza nije mapirana u potpunosti"
"4-33-1"	"11260598"	"Власина - Лесковик"	"https://pss.rs/terenipp/vlasina-leskovik-2/"	"https://hiking.waymarkedtrails.org/#route?id=11260598"	"pss_staze"	""
"4-33-2"	"11313703"	"Лесковик - кружна стаза"	"https://pss.rs/terenipp/leskovik-kruzna-staza/"	"https://hiking.waymarkedtrails.org/#route?id=11313703"	"pss_staze"	""
"4-33-3"	"11305864"	"Поздрав пролећу / Алексинац - Сокобања (Рипаљка)"	"https://pss.rs/terenipp/pozdrav-prolecu-aleksinac-sokobanja-ripaljka/"	"https://hiking.waymarkedtrails.org/#route?id=11305864"	"pss_staze"	""
"4-33-4"	"11310324"	"Виа Милитарис / Липовац - Бованско језеро"	"https://pss.rs/terenipp/via-militaris-lipovac-bovansko-jezero/"	"https://hiking.waymarkedtrails.org/#route?id=11310324"	"pss_staze"	""
"4-33-5"	"11313879"	"Ковиљача / Станци - Липовац"	"https://pss.rs/terenipp/koviljaca-stanci-lipovac/"	"https://hiking.waymarkedtrails.org/#route?id=11313879"	"pss_staze"	""
"4-33-6"	"11260540"	"Сокобања - Рипаљка"	"https://pss.rs/terenipp/sokobanja-ripaljka/"	"https://hiking.waymarkedtrails.org/#route?id=11260540"	"pss_staze"	""
"4-33-7"	"11260582"	"Власина - Оштра чука"	"https://pss.rs/terenipp/vlasina-ostra-cuka/"	"https://hiking.waymarkedtrails.org/#route?id=11260582"	"pss_staze"	""
"4-33-8"	"13190049"	"Сокобања - Рипаљка - Јерменчић"	"https://pss.rs/terenipp/13405/"	"https://hiking.waymarkedtrails.org/#route?id=13190049"	"pss_staze"	""
"4-33-9"	"13190234"	"Рипаљка - Јерменчић - Лесковик - Озренска врата"	"https://pss.rs/terenipp/ripaljka-jermencic-leskovik-ozrenska-vrata/"	"https://hiking.waymarkedtrails.org/#route?id=13190234"	"pss_staze"	""
"4-36-1"	"11182558"	"Кожељ - Леденички врх"	"https://pss.rs/terenipp/kozelj-ledenicki-vrh/"	"https://hiking.waymarkedtrails.org/#route?id=11182558"	"pss_staze"	""
"4-36-2"	"11169649"	"Мариновац - Глоговачки врх"	"https://pss.rs/terenipp/marinovac-glogovacki-vrh/"	"https://hiking.waymarkedtrails.org/#route?id=11169649"	"pss_staze"	""
"4-37-1"	"11105694"	"Сесалац - Сесалачка пећина"	"https://pss.rs/terenipp/sesalac-sesalacka-pecina-2/"	"https://hiking.waymarkedtrails.org/#route?id=11105694"	"pss_staze"	""
"4-37-2"	"11126557"	"Милушинац - Слемен"	"https://pss.rs/terenipp/milusinac-slemen-2/"	"https://hiking.waymarkedtrails.org/#route?id=11126557"	"pss_staze"	""
"4-37-3"	"13190270"	"Сесалац - Слемен - Сесалачка пећина"	"https://pss.rs/terenipp/sesalac-slemen-sesalacka-pecina/"	"https://hiking.waymarkedtrails.org/#route?id=13190270"	"pss_staze"	""
"4-39-3"	"11263389"	"Крупац - Зелени врх"	"https://pss.rs/terenipp/krupac-zeleni-vrh/"	"https://hiking.waymarkedtrails.org/#route?id=11263389"	"pss_staze"	""
"4-39-4"	"11263559"	"Ћирин пролаз - Градиште - Плеш"	"https://pss.rs/terenipp/cirin-prolaz-gradiste-ples/"	"https://hiking.waymarkedtrails.org/#route?id=11263559"	"pss_staze"	""
"4-39-5"	"11286263"	"Преконошка пећина"	"https://pss.rs/terenipp/prekonoska-pecina/"	"https://hiking.waymarkedtrails.org/#route?id=11286263"	"pss_staze"	""
"4-39-6"	"11286225"	"Белоиље - Плеш - Белоиње"	"https://pss.rs/terenipp/beloinje-ples-beloinje/"	"https://hiking.waymarkedtrails.org/#route?id=11286225"	"pss_staze"	""
"4-39-7"	"12115780"	"Сићево - Јечава"	"https://pss.rs/terenipp/sicevo-jecava/"	"https://hiking.waymarkedtrails.org/#route?id=12115780"	"pss_staze"	""
"4-4-1"	"11043232"	"Хомољски планински маратон"	"https://pss.rs/terenipp/homoljski-planinarski-maraton/"	"https://hiking.waymarkedtrails.org/#route?id=11043232"	"pss_staze"	""
"4-4-2"	"11043157"	"Хомољски планински полумаратон"	"https://pss.rs/terenipp/homoljski-planinarski-polumaraton/"	"https://hiking.waymarkedtrails.org/#route?id=11043157"	"pss_staze"	""
"4-4-3"	"11038377"	"Од манастира Горњак до Крупајског врела"	"https://pss.rs/terenipp/od-manastira-gornjak-do-krupajskog-vrela/"	"https://hiking.waymarkedtrails.org/#route?id=11038377"	"pss_staze"	""
"4-4-4"	"11512754"	"Стрњак - Трест"	"https://pss.rs/terenipp/strnjak-trest/"	"https://hiking.waymarkedtrails.org/#route?id=11512754"	"pss_staze"	""
"4-4-5"	"11515769"	"Штубеј од Церомошње"	"https://pss.rs/terenipp/stubej-od-ceremosnje/"	"https://hiking.waymarkedtrails.org/#route?id=11515769"	"pss_staze"	""
"4-4-6"	"11515913"	"Велики Суморовац од Бистрице"	"https://pss.rs/terenipp/veliki-sumorovac-od-bistrice/"	"https://hiking.waymarkedtrails.org/#route?id=11515913"	"pss_staze"	""
"4-4-7"	"11515931"	"Велики Врањ од Крепољина"	"https://pss.rs/terenipp/veliki-vranj-od-krepoljina/"	"https://hiking.waymarkedtrails.org/#route?id=11515931"	"pss_staze"	""
"4-42-1"	"11164146"	"Вршка чука - Влашки до - кружна стаза"	"https://pss.rs/terenipp/vrska-cuka-vlaski-do-kruzna-staza/"	"https://hiking.waymarkedtrails.org/#route?id=11164146"	"pss_staze"	""
"4-42-2"	"11166660"	"Ветрен - полукружна стаза"	"https://pss.rs/terenipp/vetren-polukruzna-staza/"	"https://hiking.waymarkedtrails.org/#route?id=11166660"	"pss_staze"	""
"4-45-1"	"11126446"	"Милушинац - Крстатац"	"https://pss.rs/terenipp/milusinac-krstatac-2/"	"https://hiking.waymarkedtrails.org/#route?id=11126446"	"pss_staze"	"staza nije mapirana u potpunosti"
"4-45-2"	"14281196"	"Милушинац - Крстатац - Богова врата"	"https://pss.rs/terenipp/krstatac-bogova-vrata/"	"https://hiking.waymarkedtrails.org/#route?id=14281196"	"pss_staze"	""
"4-45-4"	"13191274"	"Милушинац - Богова врата"	"https://pss.rs/terenipp/milusinac-bogova-vrata/"	"https://hiking.waymarkedtrails.org/#route?id=13191274"	"pss_staze"	""
"4-47-1"	"11297467"	"Церје - Голи врх - Дебели врх"	"https://pss.rs/terenipp/cerje-goli-vrh-debeli-vrh/"	"https://hiking.waymarkedtrails.org/#route?id=11297467"	"pss_staze"	""
"4-47-2"	"11294577"	"Церје - Љути врх - Провалија"	"https://pss.rs/terenipp/cerje-ljuti-vrh-provalija/"	"https://hiking.waymarkedtrails.org/#route?id=11294577"	"pss_staze"	""
"4-47-4"	"11301905"	"Кравље - Голи врх"	"https://pss.rs/terenipp/kravlje-goli-vrh/"	"https://hiking.waymarkedtrails.org/#route?id=11301905"	"pss_staze"	""
"4-47-5"	"11301866"	"Кравље - Пећурина - Љути врх"	"https://pss.rs/terenipp/kravlje-pecurina-ljuti-vrh/"	"https://hiking.waymarkedtrails.org/#route?id=11301866"	"pss_staze"	""
"4-47-6"	"11289071"	"Кнез Село - Градац - Силва - Калафат - ман. Св. Јована - Горњи Матејевац"	"https://pss.rs/terenipp/knez-selo-gradac-sliva-kalafat-man-sv-jovana-gornji-matejevac/"	"https://hiking.waymarkedtrails.org/#route?id=11289071"	"pss_staze"	""
"4-47-7"	"11289209"	"Калафат - Тврђава Ниш"	"https://pss.rs/terenipp/kalafat-tvrdjava-nis/"	"https://hiking.waymarkedtrails.org/#route?id=11289209"	"pss_staze"	""
"4-48-1"	"11038409"	"Велики Вукан од манастира Горњак до извиђачког дома у Ждрелу"	"https://pss.rs/terenipp/veliki-vukan-od-manastira-gornjak-do-izvidjackog-doma-u-zdrelu/"	"https://hiking.waymarkedtrails.org/#route?id=11038409"	"pss_staze"	""
"4-48-2"	"11038554"	"Мали и Велики Вукан од дома Ждрело"	"https://pss.rs/terenipp/mali-i-veliki-vukan-od-doma-zdrelo/"	"https://hiking.waymarkedtrails.org/#route?id=11038554"	"pss_staze"	""
"4-48-3"	"11038427"	"Мали Вукан од Четири луле до манастира Ждрело"	"https://pss.rs/terenipp/mali-vukan-od-cetiri-lule-do-manastira-zdrelo/"	"https://hiking.waymarkedtrails.org/#route?id=11038427"	"pss_staze"	""
"4-48-4"	"11038526"	"Велики Вукан од Ждрела"	"https://pss.rs/terenipp/veliki-vukan-od-zdrela/"	"https://hiking.waymarkedtrails.org/#route?id=11038526"	"pss_staze"	""
"4-48-5"	"11518648"	"Мали Вукан гребеном од Четири луле"	"https://pss.rs/terenipp/mali-vukan-grebenom-od-cetiri-lule/"	"https://hiking.waymarkedtrails.org/#route?id=11518648"	"pss_staze"	""
"4-49-1"	"11038474"	"Јежевац преко Козјег Грба"	"https://pss.rs/terenipp/jezevac-preko-kozjeg-grba/"	"https://hiking.waymarkedtrails.org/#route?id=11038474"	"pss_staze"	""
"4-49-2"	"10808656"	"Јежевац, Манастир Горњак - Лалин кладенац"	"https://pss.rs/terenipp/jezevac-manastir-gornjak-lalin-kladenac/"	"https://hiking.waymarkedtrails.org/#route?id=10808656"	"pss_staze"	""
"4-49-3"	"11132794"	"Кружна стаза Јежевац"	"https://pss.rs/terenipp/kruzna-staza-jezevac/"	"https://hiking.waymarkedtrails.org/#route?id=11132794"	"pss_staze"	""
"4-49-4"	"11518753"	"Извор реке Дубочице"	"https://pss.rs/terenipp/izvor-reke-dubocice/"	"https://hiking.waymarkedtrails.org/#route?id=11518753"	"pss_staze"	""
"4-53-1"	"11092714"	"Манастир Раваница - Бостава - Манастир Раваница"	"https://pss.rs/terenipp/manastir-ravanica-bostava-manastir-ravanica/"	"https://hiking.waymarkedtrails.org/#route?id=11092714"	"pss_staze"	"staza nije mapirana u potpunosti, na (43.98857, 21.468790) postoji neslaganje"
"4-86-6"	"11518703"	"Велики Вукан од Ждрела до манастира Рашковице"	"https://pss.rs/terenipp/veliki-vukan-od-zdrela-do-manastira-reskovice/"	"https://hiking.waymarkedtrails.org/#route?id=11518703"	"pss_staze"	""
"5-11-1"	"12167007"	"Бања - Бањско брдо"	"https://pss.rs/terenipp/banja-banjsko-brdo/"	"https://hiking.waymarkedtrails.org/#route?id=12167007"	"pss_staze"	""
"5-11-2"	"12173165"	"Кањон Кратовске реке"	"https://pss.rs/terenipp/kanjon-kratovske-reke/"	"https://hiking.waymarkedtrails.org/#route?id=12173165"	"pss_staze"	"proveriti geometriju duž kanjona"
"5-12-1"	"11338783"	"Златибор - Торник - Водице"	"https://pss.rs/terenipp/zlatibor-tornik-vodice/"	"https://hiking.waymarkedtrails.org/#route?id=11338783"	"pss_staze"	""
"5-12-10"	"15699116"	"Стаза бр. 6: Златибор - Споменик - Чукер"	"https://pss.rs/terenipp/staza-br-6-zlatibor-spomenik-cuker/"	"https://hiking.waymarkedtrails.org/#route?id=15699116"	"pss_staze"	""
"5-12-11"	"15711357"	"Стаза бр. 18: Јечмиште - врх Бандера (Торник)"	"https://pss.rs/terenipp/staza-br-18-jecmiste-vrh-bandera-tornik/"	"https://hiking.waymarkedtrails.org/#route?id=15711357"	"pss_staze"	""
"5-12-12"	"15720466"	"Стаза бр. 1: Негбина - Караула"	"https://pss.rs/terenipp/staza-br-1-negbina-karaula/"	"https://hiking.waymarkedtrails.org/#route?id=15720466"	"pss_staze"	""
"5-12-13"	"15731914"	"Стаза бр. 3: Љубиш - Муртеница"	"https://pss.rs/terenipp/staza-br-3-ljubis-murtenica/"	"https://hiking.waymarkedtrails.org/#route?id=15731914"	"pss_staze"	""
"5-12-14"	"15745815"	"Стаза бр. 7 - Семегњево - Савино Брдо"	"https://pss.rs/terenipp/staza-br-7-semegnjevo-savino-brdo/"	"https://hiking.waymarkedtrails.org/#route?id=15745815"	"pss_staze"	"недостаје operator, биће унешен"
"5-12-15"	"15772472"	"Стаза бр. 8: Семегњево - Виогор"	"https://pss.rs/terenipp/staza-br-8-semegnjevo-viogor/"	"https://hiking.waymarkedtrails.org/#route?id=15772472"	"pss_staze"	"недостаје operator, биће унешен"
"5-12-16"	"15777952"	"Стаза бр. 9: Чавловац - Кобиља глава"	"https://pss.rs/terenipp/staza-br-9-cavlovac-kobilja-glava/"	"https://hiking.waymarkedtrails.org/#route?id=15777952"	"pss_staze"	"недостаје operator, биће унешен"
"5-12-17"	"15786003"	"Стаза бр. 10: Семегњево - Лечића врх"	"https://pss.rs/terenipp/staza-br-10-semegnjevo-lecica-vrh/"	"https://hiking.waymarkedtrails.org/#route?id=15786003"	"pss_staze"	"недостаје operator, биће унешен"
"5-12-18"	"15790126"	"Стаза бр. 12: Доброселица - Марића стена"	"https://pss.rs/terenipp/staza-br-12-dobroselica-marica-stena/"	"https://hiking.waymarkedtrails.org/#route?id=15790126"	"pss_staze"	"недостаје operator, биће унешен"
"5-12-19"	"15793365"	"Стаза бр. 13: Стубло - Омарски поток"	"https://pss.rs/terenipp/19291/"	"https://hiking.waymarkedtrails.org/#route?id=15793365"	"pss_staze"	"недостаје operator, биће унешен"
"5-12-2"	"11349334"	"Ски центар „Торник” (Рибница) - Водице"	"https://pss.rs/terenipp/ski-centar-tornik-ribnica-vodice/"	"https://hiking.waymarkedtrails.org/#route?id=11349334"	"pss_staze"	""
"5-12-20"	"15796504"	"Стаза бр. 17: Доње Село - Дубрава"	"https://pss.rs/terenipp/staza-br-17-donje-selo-dubrava/"	"https://hiking.waymarkedtrails.org/#route?id=15796504"	"pss_staze"	"недостаје operator, биће унешен"
"5-12-21"	"15801273"	"Стаза бр. 19: Рибница - Лиска"	"https://pss.rs/terenipp/staza-br-19-ribnica-liska/"	"https://hiking.waymarkedtrails.org/#route?id=15801273"	"pss_staze"	"недостаје operator, биће унешен"
"5-12-22"	"15817623"	"Стаза бр. 20: Семегњево - Лупоглав"	"https://pss.rs/terenipp/staza-br-20-semegnjevo-lupoglav/"	"https://hiking.waymarkedtrails.org/#route?id=15817623"	"pss_staze"	"недостаје operator, биће унешен"
<<<<<<< Updated upstream
"5-12-23"	"16861754"	"Дрежник ( засеок Јолетићи ) - врх Кућишта"	"https://pss.rs/terenipp/dreznik-zaseok-joletici-vrh-kucista/"	"https://hiking.waymarkedtrails.org/#route?id=16861754"	"pss_staze"	""
=======
>>>>>>> Stashed changes
"5-12-3"	"11349461"	"Тетребовац"	"https://pss.rs/terenipp/tetrebovac/"	"https://hiking.waymarkedtrails.org/#route?id=11349461"	"pss_staze"	""
"5-12-4"	"15628650"	"Стаза бр. 14: Манастир Увац - Крвавац"	"https://pss.rs/terenipp/staza-br-14-manastir-uvac-krvavac/"	"https://hiking.waymarkedtrails.org/#route?id=15628650"	"pss_staze"	""
"5-12-5"	"15632160"	"Стаза бр. 15: Колијевка - Орлић"	"https://pss.rs/terenipp/staza-br-15-kolijevka-orlic/"	"https://hiking.waymarkedtrails.org/#route?id=15632160"	"pss_staze"	""
"5-12-6"	"15632353"	"Стаза бр. 16: Јабланица - Љуљаш"	"https://pss.rs/terenipp/staza-br-16-jablanica-ljuljas/"	"https://hiking.waymarkedtrails.org/#route?id=15632353"	"pss_staze"	""
"5-12-7"	"15640271"	"Стаза бр. 2: Муртеница - Тавничко језеро"	"https://pss.rs/terenipp/staza-br-2-murtenica-tavnicko-jezero/"	"https://hiking.waymarkedtrails.org/#route?id=15640271"	"pss_staze"	""
"5-12-8"	"15671294"	"Стаза бр. 4: Гостиље - Чигота"	"https://pss.rs/terenipp/staza-br-4-gostilje-cigota/"	"https://hiking.waymarkedtrails.org/#route?id=15671294"	"pss_staze"	""
"5-12-9"	"15688573"	"Стаза бр. 5: Јокина ћурија - Јеље - Коњодер"	"https://pss.rs/terenipp/staza-br-5-jokina-cuprija-jelje-konjoder/"	"https://hiking.waymarkedtrails.org/#route?id=15688573"	"pss_staze"	"није обележен почетак стазе јер се на необлеженом месту прелази примарни пут"
"5-15-2"	"11478100"	"Кађеница"	"https://pss.rs/terenipp/kadjenica/"	"https://hiking.waymarkedtrails.org/#route?id=11478100"	"pss_staze"	""
"5-17-1"	"11214225"	"Овчар"	"https://pss.rs/terenipp/ovcar/"	"https://hiking.waymarkedtrails.org/#route?id=11214225"	"pss_staze"	""
"5-17-2"	"11489032"	"Дуле Крњајић"	"https://pss.rs/terenipp/dule-krnjajic/"	"https://hiking.waymarkedtrails.org/#route?id=11489032"	"pss_staze"	""
<<<<<<< Updated upstream
"5-19-1"	"17610500"	"Кањон реке Пањице - Водена пећина - Бреково"	"https://pss.rs/terenipp/kaljon-reke-panjice-vodena-pecina-brekovo/"	"https://hiking.waymarkedtrails.org/#route?id=17610500"	"pss_staze"	""
=======
>>>>>>> Stashed changes
"5-40-1"	"12185187"	"Насеље - Полин поток - Лиса стена - Стан и Градац пећина - Насеље"	"https://pss.rs/terenipp/naselje-polin-potok-lisa-stena-stan-i-gradac-pecina-naselje/"	"https://hiking.waymarkedtrails.org/#route?id=12185187"	"pss_staze"	""
"5-6-1"	"12154094"	"Велики Бич"	"https://pss.rs/terenipp/veliki-bic/"	"https://hiking.waymarkedtrails.org/#route?id=12154094"	"pss_staze"	""
"5-6-2"	"12163308"	"Прибој - Тврђава Јагат"	"https://pss.rs/terenipp/mali-bic/"	"https://hiking.waymarkedtrails.org/#route?id=12163308"	"pss_staze"	""
"6-14-1"	"11163991"	"Мечје стене"	"https://pss.rs/terenipp/mecje-stene/"	"https://hiking.waymarkedtrails.org/#route?id=11163991"	"pss_staze"	""
"6-21-1"	"14283620"	"Сретењски сусрети / Копривница - Велики Дреновац"	"https://pss.rs/terenipp/sretenjski-susreti-koprivnica-v-drenovac/"	"https://hiking.waymarkedtrails.org/#route?id=14283620"	"pss_staze"	""
"7-1-1"	"13935770"	"„Црни Камен“"	"https://pss.rs/terenipp/crni-kamen/"	"https://hiking.waymarkedtrails.org/#route?id=13935770"	"pss_staze"	""
"7-1-2"	"13936069"	"Јарсеново - Г. Купиновица - Крива Бука"	"https://pss.rs/terenipp/jarsenovo-g-kupinovica-kriva-buka/"	"https://hiking.waymarkedtrails.org/#route?id=13936069"	"pss_staze"	""
"7-15-1"	"11258223"	"Велики и Мали Вртоп - Грамада, Власина"	"https://pss.rs/terenipp/veliki-i-mali-vrtop-gramada-vlasina/"	"https://hiking.waymarkedtrails.org/#route?id=11258223"	"pss_staze"	""
"7-15-2"	"16861834"	"Златанци - Орловац - В. Вртоп (стаза 7)"	"https://pss.rs/terenipp/zlatanci-orlovac-v-vrtop-staza-7/"	"https://hiking.waymarkedtrails.org/#route?id=16861834"	"pss_staze"	""
"7-15-3"	"16861877"	"Полом - М. Вртоп - В. Вртоп (стаза 8)"	"https://pss.rs/terenipp/polom-m-vrtop-v-vrtop-staza-8/"	"https://hiking.waymarkedtrails.org/#route?id=16861877"	"pss_staze"	""
"7-15-4"	"16864820"	"Брана - В. Вртоп (стаза 9)"	"https://pss.rs/terenipp/brana-v-vrtop-staza-9/"	"https://hiking.waymarkedtrails.org/#route?id=16864820"	"pss_staze"	""
"7-22-1"	"16865068"	"Едукативна стаза „neXt боровнице“"	"https://pss.rs/terenipp/edukativna-staza-next-borovnice/"	"https://hiking.waymarkedtrails.org/#route?id=16865068"	"pss_staze"	""
"7-22-2"	"16865164"	"Промаја - В. Чемерник (стаза 4)"	"https://pss.rs/terenipp/promaja-v-cemernik-staza-4/"	"https://hiking.waymarkedtrails.org/#route?id=16865164"	"pss_staze"	""
"7-22-3"	"16865212"	"Власински Вртови - В. Чемерник (стаза 5)"	"https://pss.rs/terenipp/vlasinski-vrtovi-v-cemernik-staza-5/"	"https://hiking.waymarkedtrails.org/#route?id=16865212"	"pss_staze"	""
"7-3-10"	"11263354"	"Коритњак - Девојачки гроб"	"https://pss.rs/terenipp/koritnjak-devojacki-grob/"	"https://hiking.waymarkedtrails.org/#route?id=11263354"	"pss_staze"	""
"7-3-11"	"11282897"	"Бањица - Кусача"	"https://pss.rs/terenipp/banjica-kusaca/"	"https://hiking.waymarkedtrails.org/#route?id=11282897"	"pss_staze"	""
"7-3-12"	"12185208"	"Нишка Бања - Коритник - Раутово - Нишка Бања"	"https://pss.rs/terenipp/niska-banja-koritnik-rautovo-niska-banja/"	"https://hiking.waymarkedtrails.org/#route?id=12185208"	"pss_staze"	""
"7-3-14"	"12204224"	"Бојанине воде - Соколов камен - Бојанине воде"	"https://pss.rs/terenipp/bojanine-vode-sokolov-kamen-bojanine-vode/"	"https://hiking.waymarkedtrails.org/#route?id=12204224"	"pss_staze"	""
"7-3-15"	"12204344"	"Suva trail – Niška Banja – Trem – Niška Banja"	"https://pss.rs/terenipp/sokolov-put/"	"https://hiking.waymarkedtrails.org/#route?id=12204344"	"pss_staze"	""
"7-3-3"	"11220788"	"Бежиште - Пасарело"	"https://pss.rs/terenipp/beziste-pasarelo/"	"https://hiking.waymarkedtrails.org/#route?id=11220788"	"pss_staze"	""
"7-3-4"	"11221138"	"Дивљана - Пасарело"	"https://pss.rs/terenipp/divljana-pasarelo/"	"https://hiking.waymarkedtrails.org/#route?id=11221138"	"pss_staze"	""
"7-3-5"	"13191393"	"Доња Коритница - Пасарело"	"https://pss.rs/terenipp/d-koritnica-pasarelo/"	"https://hiking.waymarkedtrails.org/#route?id=13191393"	"pss_staze"	"доста неслагања са GPX снимком, мапирано према постојећим путевима"
"7-3-6"	"11258277"	"Доња Студена - Трем"	"https://pss.rs/terenipp/donja-studena-trem/"	"https://hiking.waymarkedtrails.org/#route?id=11258277"	"pss_staze"	""
"7-3-7"	"11263261"	"Тасковићи - Црни камен"	"https://pss.rs/terenipp/taskovici-crni-kamen/"	"https://hiking.waymarkedtrails.org/#route?id=11263261"	"pss_staze"	""
"7-3-8"	"11216827"	"Велики Крчимир - Литица"	"https://pss.rs/terenipp/veliki-krcimir-litica/"	"https://hiking.waymarkedtrails.org/#route?id=11216827"	"pss_staze"	""
"7-3-9"	"11216896"	"Велики Вртоп - Големо Стражиште"	"https://pss.rs/terenipp/veliki-vrtop-golemo-straziste/"	"https://hiking.waymarkedtrails.org/#route?id=11216896"	"pss_staze"	""
"7-47-1"	"11263606"	"Островица - Облик"	"https://pss.rs/terenipp/ostrovica-oblik/"	"https://hiking.waymarkedtrails.org/#route?id=11263606"	"pss_staze"	""
"7-9-1"	"12485559"	"Стаза бр. 1 ”Стругара”"	"https://pss.rs/terenipp/staza-br-1-strugara/"	"https://hiking.waymarkedtrails.org/#route?id=12485559"	"pss_staze"	""
"7-9-10"	"14287232"	"Стаза бр. 10 „Врх Влајна 1442”"	"https://pss.rs/terenipp/staza-br-10-vrh-vlajna-1442/"	"https://hiking.waymarkedtrails.org/#route?id=14287232"	"pss_staze"	""
"7-9-12"	"13190823"	"Стаза бр. 12 „Соколица”"	"https://pss.rs/terenipp/staza-br-12-sokolica/"	"https://hiking.waymarkedtrails.org/#route?id=13190823"	"pss_staze"	""
"7-9-13"	"14287283"	"Стаза бр. 13 „Стаза здравља”"	"https://pss.rs/terenipp/staza-br-13-staza-zdravlja/"	"https://hiking.waymarkedtrails.org/#route?id=14287283"	"pss_staze"	""
"7-9-15"	"14287354"	"Стаза бр. 15 „Кита”"	"https://pss.rs/terenipp/staza-br-15-kita/"	"https://hiking.waymarkedtrails.org/#route?id=14287354"	"pss_staze"	""
"7-9-16"	"14998522"	"Стаза бр. 16. „Бисер Кукавице”"	"https://pss.rs/terenipp/staza-br-16-biser-kukavice/"	"https://hiking.waymarkedtrails.org/#route?id=14998522"	"pss_staze"	""
"7-9-2"	"14287193"	"Стаза бр. 2 „Крстовски рид”"	"https://pss.rs/terenipp/staza-br-2-krstovski-rid/"	"https://hiking.waymarkedtrails.org/#route?id=14287193"	"pss_staze"	""
"7-9-3"	"12485631"	"Стаза бр. 3 ”Репушница”"	"https://pss.rs/terenipp/staza-br-3-repusnica/"	"https://hiking.waymarkedtrails.org/#route?id=12485631"	"pss_staze"	""
"7-9-6"	"13190651"	"Стаза бр. 6 „Фурниште”"	"https://pss.rs/terenipp/staza-br-6-furniste/"	"https://hiking.waymarkedtrails.org/#route?id=13190651"	"pss_staze"	""
"7-9-8"	"13190747"	"Стаза бр. 8 „Марков град”"	"https://pss.rs/terenipp/staza-br-8-markov-grad/"	"https://hiking.waymarkedtrails.org/#route?id=13190747"	"pss_staze"	""
"7-9-9"	"14287208"	"Стаза бр. 9 „Шијанка”"	"https://pss.rs/terenipp/staza-br-9-sijanka/"	"https://hiking.waymarkedtrails.org/#route?id=14287208"	"pss_staze"	""
"E4-1"	"14185952"	"E4: Horgoš – Ada"	"https://pss.rs/terenipp/granica-madjarske-horgos2-ada/"	"https://hiking.waymarkedtrails.org/#route?id=14185952"	"pss_staze"	""
"E4-11"	"14206054"	"Кривељ - Сокобања"	"https://pss.rs/terenipp/krivelj-soko-banja/"	"https://hiking.waymarkedtrails.org/#route?id=14206054"	"pss_staze"	"postoji prekid na 21.95013, 43.79219, kontaktirati za vise informacija"
"E4-2"	"14191834"	"E4: Ada – Zrenjanin"	"https://pss.rs/terenipp/ada-zrenjanin/"	"https://hiking.waymarkedtrails.org/#route?id=14191834"	"pss_staze"	""
"E4-3"	"14192820"	"E4: Zrenjanin – Padina"	"https://pss.rs/terenipp/zrenjanin-padina/"	"https://hiking.waymarkedtrails.org/#route?id=14192820"	"pss_staze"	""
"E4-4"	"14194463"	"E4: Padina – Krnjača (Beograd)"	"https://pss.rs/terenipp/padina-krnjaca-beograd/"	"https://hiking.waymarkedtrails.org/#route?id=14194463"	"pss_staze"	""
<<<<<<< Updated upstream
"E7-10-11"	"17610623"	"Овчар бања - Ариље - Чајетина - Кремна - Тара - Мокра гора - Златибор - Муртеница (Бријач)"	"https://pss.rs/terenipp/ovcar-banja-arilje-cajetina-kremna-tara-mokra-gora-zlatibor-murtenica-brijac/"	"https://hiking.waymarkedtrails.org/#route?id=17610623"	"pss_staze"	""
"E7-12"	"11753312"	"E7: Бријач - Увац - Сопотница - Сјеница"	"https://pss.rs/terenipp/brijac-uvac-sopotnica-sjenica/"	"https://hiking.waymarkedtrails.org/#route?id=11753312"	"pss_staze"	""
"E7-16"	"14185390"	"E7: Селова - Блаце - Велики Јастребац - Мали Јастребац - Тешица - Г. Трнава"	"https://pss.rs/terenipp/selova-blace-v-jastrebac-m-jastrebac-tesica-g-trnava/"	"https://hiking.waymarkedtrails.org/#route?id=14185390"	"pss_staze"	""
"E7-8"	"14177412"	"E7: Крупањ - Љубовија - Ваљево - Дивчибаре"	"https://pss.rs/terenipp/krupanj-ljubovija-valjevo-divcibare/"	"https://hiking.waymarkedtrails.org/#route?id=14177412"	"pss_staze"	""
"E7-9"	"14180878"	"E7: Дивчибаре - Рајац - Рудник - Овчар бања"	"https://pss.rs/terenipp/divcibare-rajac-rudnik-ovcar-banja/"	"https://hiking.waymarkedtrails.org/#route?id=14180878"	"pss_staze"	""
=======
"E7-8"	"14177412"	"E7-08: Крупањ – Љубовија – Ваљево – Дивчибаре"	"https://pss.rs/terenipp/e7-8/"	"https://hiking.waymarkedtrails.org/#route?id=14177412"	"pss_staze"	"https://wiki.openstreetmap.org/wiki/Serbia/Projekti/Evropski_pešački_put_E7"
"E7-9"	"14180878"	"E7-09: Дивчибаре – Рајац – Рудник – Овчар бања"	"https://pss.rs/terenipp/e7-9/"	"https://hiking.waymarkedtrails.org/#route?id=14180878"	"pss_staze"	"https://wiki.openstreetmap.org/wiki/Serbia/Beleske/Evropski_pesacki_putevi#e7"
>>>>>>> Stashed changes
"T-1-3"	"13145926"	"Вршачка трансверзала"	"https://pss.rs/terenipp/vrsacka-transverzala/"	"https://hiking.waymarkedtrails.org/#route?id=13145926"	"pss_staze"	""
"T-2-36"	"13244999"	"Јухорска трансверзала"	"https://pss.rs/terenipp/juhorska-transverzala/"	"https://hiking.waymarkedtrails.org/#route?id=13244999"	"pss_staze"	""
"T-3-13"	"12190325"	"Нишка Бања - Девојачки гроб - Трем - Бојанине воде"	"https://pss.rs/terenipp/niska-banja-devojacki-grob-trem-bojanine-vode/"	"https://hiking.waymarkedtrails.org/#route?id=12190325"	"pss_staze"	""
"T-3-2"	"12693206"	"Чика Душкове рајачке стазе"	"https://pss.rs/terenipp/cika-duskove-rajacke-staze/"	"https://hiking.waymarkedtrails.org/#route?id=12693206"	"pss_staze"	"Унет преостали део кружне стазе. Потребно је средити стазе 2а/б/ц/д, 3/3а, 8, 9."
"T-3-29"	"13237511"	"Вукове богазе"	"https://pss.rs/terenipp/vukove-bogaze/"	"https://hiking.waymarkedtrails.org/#route?id=13237511"	"pss_staze"	""
"T-3-7"	"13237362"	"Стазама Цера"	"https://pss.rs/terenipp/stazama-cera/"	"https://hiking.waymarkedtrails.org/#route?id=13237362"	"pss_staze"	""
"T-4-12"	"13239017"	"Хомољска трансверзала"	""	"https://hiking.waymarkedtrails.org/#route?id=13239017"	"pss_staze"	""
"T-4-41"	"13239147"	"Бастионска трансверзала"	"https://pss.rs/terenipp/bastionska-transverzala/"	"https://hiking.waymarkedtrails.org/#route?id=13239147"	"pss_staze"	""
"T-5-8"	"11499127"	"Овчарско-кабларска трансверзала"	"https://pss.rs/terenipp/ovcarsko-kablarska-transverzala/"	"https://hiking.waymarkedtrails.org/#route?id=11499127"	"pss_staze"	""
